day,desktop,mobile,all
01/15/17,16.666666666666664,83.33333333333334,6.0
02/19/17,,,
03/05/17,69.16299559471366,30.837004405286343,227.0
