day,desktop,mobile,all
10/30/16,86.79245283018868,13.20754716981132,530
11/06/16,70.49891540130152,29.50108459869848,461
11/13/16,73.28699106256207,26.713008937437934,1007
11/20/16,81.66944908180301,18.330550918196995,2995
11/27/16,77.41223671013039,22.58776328986961,4985
