day,desktop,mobile,all
10/02/16,78.57142857142857,21.428571428571427,280
10/09/16,78.86075949367088,21.139240506329113,790
10/16/16,75.23809523809524,24.761904761904763,840
10/23/16,77.09677419354838,22.903225806451612,930
10/30/16,75.09920634920636,24.900793650793652,1008
